{"cameraMode":{"drawMode":0,"name":"Shaded","section":"Shading Mode"},"sceneLighting":true,"audioPlay":false,"sceneViewState":{"showFog":true,"showMaterialUpdate":false,"showSkybox":true,"showFlares":true,"showImageEffects":true,"showParticleSystems":true},"in2DMode":false,"pivot":{"x":44.69956970214844,"y":2.7572879791259767,"z":10.780637741088868},"rotation":{"x":0.038053758442401889,"y":0.532762885093689,"z":-0.023990534245967866,"w":0.8450682759284973},"size":38.71415710449219,"orthographic":false}