{"cameraMode":{"drawMode":0,"name":"Shaded","section":"Shading Mode"},"sceneLighting":true,"audioPlay":false,"sceneViewState":{"showFog":true,"showMaterialUpdate":false,"showSkybox":true,"showFlares":true,"showImageEffects":true,"showParticleSystems":true},"in2DMode":false,"pivot":{"x":-0.4677998125553131,"y":6.334146976470947,"z":24.06885528564453},"rotation":{"x":0.1203327625989914,"y":0.028892310336232187,"z":0.0035021069925278427,"w":-0.9923117756843567},"size":6.503977298736572,"orthographic":false}