{"cameraMode":{"drawMode":0,"name":"Shaded","section":"Shading Mode"},"sceneLighting":true,"audioPlay":false,"sceneViewState":{"showFog":true,"showMaterialUpdate":false,"showSkybox":true,"showFlares":true,"showImageEffects":true,"showParticleSystems":true},"in2DMode":false,"pivot":{"x":11.901144981384278,"y":9.294593811035157,"z":-1.9398926496505738},"rotation":{"x":-0.036161500960588458,"y":0.6339905261993408,"z":-0.02969755418598652,"w":-0.7719307541847229},"size":10.314837455749512,"orthographic":false}